{"cameraMode":{"drawMode":0,"name":"Shaded","section":"Shading Mode"},"sceneLighting":false,"audioPlay":false,"sceneViewState":{"showFog":true,"showMaterialUpdate":false,"showSkybox":false,"showFlares":true,"showImageEffects":true,"showParticleSystems":true},"in2DMode":false,"pivot":{"x":0.1583428531885147,"y":0.6294047832489014,"z":-0.7866610288619995},"rotation":{"x":-0.0018624881049618126,"y":-0.9953701496124268,"z":0.019723542034626008,"w":-0.09405232220888138},"size":1.5011835098266602,"orthographic":false}