{"cameraMode":{"drawMode":0,"name":"Shaded","section":"Shading Mode"},"sceneLighting":false,"audioPlay":false,"sceneViewState":{"showFog":true,"showMaterialUpdate":false,"showSkybox":false,"showFlares":true,"showImageEffects":true,"showParticleSystems":true},"in2DMode":false,"pivot":{"x":0.0,"y":-6.239911079406738,"z":-0.35497570037841799},"rotation":{"x":0.05719474330544472,"y":-0.9425190091133118,"z":0.22049778699874879,"w":0.24447372555732728},"size":21.499996185302736,"orthographic":false}