{"cameraMode":{"drawMode":0,"name":"Shaded","section":"Shading Mode"},"sceneLighting":false,"audioPlay":false,"sceneViewState":{"showFog":true,"showMaterialUpdate":false,"showSkybox":false,"showFlares":true,"showImageEffects":true,"showParticleSystems":true},"in2DMode":false,"pivot":{"x":-0.004829347133636475,"y":0.24054081737995149,"z":0.004429534077644348},"rotation":{"x":-0.04274391010403633,"y":0.21762707829475404,"z":-0.00954012293368578,"w":-0.9750489592552185},"size":1.0953975915908814,"orthographic":false}