{"cameraMode":{"drawMode":0,"name":"Shaded","section":"Shading Mode"},"sceneLighting":false,"audioPlay":false,"sceneViewState":{"showFog":true,"showMaterialUpdate":false,"showSkybox":false,"showFlares":true,"showImageEffects":true,"showParticleSystems":true},"in2DMode":false,"pivot":{"x":-0.039898280054330829,"y":0.46986648440361025,"z":-0.21823947131633759},"rotation":{"x":0.34323832392692568,"y":-0.38641852140426638,"z":0.15762567520141602,"w":0.8414406776428223},"size":1.0617249011993409,"orthographic":false}