{"cameraMode":{"drawMode":0,"name":"Shaded","section":"Shading Mode"},"sceneLighting":true,"audioPlay":false,"sceneViewState":{"showFog":true,"showMaterialUpdate":false,"showSkybox":true,"showFlares":true,"showImageEffects":true,"showParticleSystems":true},"in2DMode":false,"pivot":{"x":5.057685375213623,"y":20.06974220275879,"z":11.389862060546875},"rotation":{"x":0.07260635495185852,"y":0.118497334420681,"z":0.008688671514391899,"w":-0.9902582168579102},"size":37.10635757446289,"orthographic":false}