{"cameraMode":{"drawMode":0,"name":"Shaded","section":"Shading Mode"},"sceneLighting":false,"audioPlay":false,"sceneViewState":{"showFog":true,"showMaterialUpdate":false,"showSkybox":false,"showFlares":true,"showImageEffects":true,"showParticleSystems":true},"in2DMode":false,"pivot":{"x":-0.04330344498157501,"y":0.48659569025039675,"z":-0.003644295036792755},"rotation":{"x":-0.07988130301237107,"y":-0.8852370977401733,"z":0.16549234092235566,"w":-0.4273015558719635},"size":0.9333354830741882,"orthographic":false}