{"cameraMode":{"drawMode":0,"name":"Shaded","section":"Shading Mode"},"sceneLighting":false,"audioPlay":false,"sceneViewState":{"showFog":true,"showMaterialUpdate":false,"showSkybox":false,"showFlares":true,"showImageEffects":true,"showParticleSystems":true},"in2DMode":false,"pivot":{"x":-0.005186587572097778,"y":0.49135395884513857,"z":0.004568934440612793},"rotation":{"x":-0.19346687197685243,"y":0.7155449986457825,"z":-0.21806323528289796,"w":-0.6348341107368469},"size":2.1544723510742189,"orthographic":false}