{"cameraMode":{"drawMode":0,"name":"Shaded","section":"Shading Mode"},"sceneLighting":false,"audioPlay":false,"sceneViewState":{"showFog":true,"showMaterialUpdate":false,"showSkybox":false,"showFlares":true,"showImageEffects":true,"showParticleSystems":true},"in2DMode":false,"pivot":{"x":-0.5022528171539307,"y":0.4954860806465149,"z":-0.2814364433288574},"rotation":{"x":-0.007462863344699144,"y":0.29464825987815859,"z":-0.0023009967990219595,"w":-0.9555739164352417},"size":3.680159091949463,"orthographic":false}